"Actors","Length","Views","Rating","Title","Title.ct","star","name","gender","d1","d2","d3","cup","height","weight","status","subscribe","video_view1","score"
1,NA,991252,64,"Lana Rhoades My Personal Escort",31,"lana-rhoades","Lana Rhoades","F",34,23,35,"D",165,115,TRUE,352000,3.56e+08,0.486281405018091
2,12.15,4451665,70,"SWALLOWED Adriana, Megan and Lana threeway deepthroating",56,"lana-rhoades","Lana Rhoades","F",34,23,35,"D",165,115,TRUE,352000,3.56e+08,0.486281405018091
1,52.8833333333333,1232924,67,"Lana Rhoades Fucks All The Cocks",32,"lana-rhoades","Lana Rhoades","F",34,23,35,"D",165,115,TRUE,352000,3.56e+08,0.486281405018091
1,14.3666666666667,307184,56,"young hot teens nervous to eat pussy",36,"lana-rhoades","Lana Rhoades","F",34,23,35,"D",165,115,TRUE,352000,3.56e+08,0.486281405018091
1,0.833333333333333,596140,75,"Lana Rhoades golden shower & drinks piss",40,"lana-rhoades","Lana Rhoades","F",34,23,35,"D",165,115,TRUE,352000,3.56e+08,0.486281405018091
1,15.7,211674,63,"NAUGHTY AMERICA VR fucking in the gym",37,"lana-rhoades","Lana Rhoades","F",34,23,35,"D",165,115,TRUE,352000,3.56e+08,0.486281405018091
1,6.18333333333333,412346,72,"HOLED Best anal with Lana Rhoades",33,"lana-rhoades","Lana Rhoades","F",34,23,35,"D",165,115,TRUE,352000,3.56e+08,0.486281405018091
1,12.05,998241,70,"TRUE ANAL Lana Rhoades anal gaping glory",40,"lana-rhoades","Lana Rhoades","F",34,23,35,"D",165,115,TRUE,352000,3.56e+08,0.486281405018091
1,5.51666666666667,301649,68,"Lana Rhoades takes a cops cock for a test drive",47,"lana-rhoades","Lana Rhoades","F",34,23,35,"D",165,115,TRUE,352000,3.56e+08,0.486281405018091
3,12.4333333333333,880005,66,"BLACKED RAW Insatiable Threesome Compilation",44,"lana-rhoades","Lana Rhoades","F",34,23,35,"D",165,115,TRUE,352000,3.56e+08,0.486281405018091
1,10.1833333333333,1782809,63,"POVD NEW Look for big dick gobbling Lana Rhoades",48,"lana-rhoades","Lana Rhoades","F",34,23,35,"D",165,115,TRUE,352000,3.56e+08,0.486281405018091
1,12.1833333333333,1761532,70,"SWALLOWED Lana Rhoades and Mia ball sucking with deepthroat",59,"lana-rhoades","Lana Rhoades","F",34,23,35,"D",165,115,TRUE,352000,3.56e+08,0.486281405018091
1,11.95,31021256,68,"Bratty Sis - Lana Rhoades Big Ass Bouncing On My Cock S5:E2",59,"lana-rhoades","Lana Rhoades","F",34,23,35,"D",165,115,TRUE,352000,3.56e+08,0.486281405018091
1,18.2833333333333,1088662,67,"Ricky & Lana fun daytime sex at home",36,"lana-rhoades","Lana Rhoades","F",34,23,35,"D",165,115,TRUE,352000,3.56e+08,0.486281405018091
1,9.43333333333333,534093,70,"HOLED Bad kitty tight pulsating ASSHOLE with Lana Rhoades",57,"lana-rhoades","Lana Rhoades","F",34,23,35,"D",165,115,TRUE,352000,3.56e+08,0.486281405018091
1,12,1270917,70,"BANGBROS - Sexy Housesitting with Brunette Teen Lana Rhoades",60,"lana-rhoades","Lana Rhoades","F",34,23,35,"D",165,115,TRUE,352000,3.56e+08,0.486281405018091
1,12.5,445548,74,"Lana Rhoades Loves To Lick Pussy and Ass",40,"lana-rhoades","Lana Rhoades","F",34,23,35,"D",165,115,TRUE,352000,3.56e+08,0.486281405018091
1,8,531216,70,"Reality Kings - Sneaky Sex - No Fucking Around - Sofi Ryan , Brad Knight",72,"lana-rhoades","Lana Rhoades","F",34,23,35,"D",165,115,TRUE,352000,3.56e+08,0.486281405018091
2,7.5,385392,74,"Lana Rhoades Captain Cheerleader & 2 Horny Lesbian College Teens",64,"lana-rhoades","Lana Rhoades","F",34,23,35,"D",165,115,TRUE,352000,3.56e+08,0.486281405018091
1,12.7166666666667,1088937,73,"Rahyndee James Fucks Lana Rhoades Big Booty Babes Hiking Adventure",66,"lana-rhoades","Lana Rhoades","F",34,23,35,"D",165,115,TRUE,352000,3.56e+08,0.486281405018091
1,10.2333333333333,10789157,69,"SisLovesMe - Hot Latina Stepsis Gets Her Pussy Rocked",53,"lana-rhoades","Lana Rhoades","F",34,23,35,"D",165,115,TRUE,352000,3.56e+08,0.486281405018091
2,12.0166666666667,5855901,70,"TUSHY Lana Rhodes Hot Anal Creampie with Couple",47,"lana-rhoades","Lana Rhoades","F",34,23,35,"D",165,115,TRUE,352000,3.56e+08,0.486281405018091
1,25.1666666666667,2181908,68,"Lana Rhoades",12,"lana-rhoades","Lana Rhoades","F",34,23,35,"D",165,115,TRUE,352000,3.56e+08,0.486281405018091
1,10.4,966149,71,"POVD Beautiful Lana Rhoades fucked silly with happy ending facial",65,"lana-rhoades","Lana Rhoades","F",34,23,35,"D",165,115,TRUE,352000,3.56e+08,0.486281405018091
1,21.7333333333333,1188596,71,"DorcelClub.17.09.08.Claire.Castel.And.Lana.Rhoades.Initiation.By",64,"lana-rhoades","Lana Rhoades","F",34,23,35,"D",165,115,TRUE,352000,3.56e+08,0.486281405018091
2,12.0666666666667,214620,71,"BLACKED Fiancee Secretly Cheats With Her BBC Professor",54,"lana-rhoades","Lana Rhoades","F",34,23,35,"D",165,115,TRUE,352000,3.56e+08,0.486281405018091
1,10.1166666666667,1028818,68,"PASSION-HD Fathers day DICK SUCKING gift with step daughter Lana Rhoades",72,"lana-rhoades","Lana Rhoades","F",34,23,35,"D",165,115,TRUE,352000,3.56e+08,0.486281405018091
1,12,21146263,68,"BANGBROS - Great Workout With Lana Rhoades And Her Personal Trainer",67,"lana-rhoades","Lana Rhoades","F",34,23,35,"D",165,115,TRUE,352000,3.56e+08,0.486281405018091
3,9.95,353600,69,"LUBED Multiple oil dripping chicks blasted by dick",50,"lana-rhoades","Lana Rhoades","F",34,23,35,"D",165,115,TRUE,352000,3.56e+08,0.486281405018091
1,29.7833333333333,4735844,73,"hot young girls hook up in fitting room",39,"lana-rhoades","Lana Rhoades","F",34,23,35,"D",165,115,TRUE,352000,3.56e+08,0.486281405018091
3,NA,1089067,71,"BRAZZERS  bides orgy",20,"lana-rhoades","Lana Rhoades","F",34,23,35,"D",165,115,TRUE,352000,3.56e+08,0.486281405018091
1,52.8833333333333,1383497,71,"Lana Rhodes blow bang",21,"lana-rhoades","Lana Rhoades","F",34,23,35,"D",165,115,TRUE,352000,3.56e+08,0.486281405018091
1,10.1166666666667,1812451,72,"PASSION-HD Beautiful eyed Lana Rhoades fucks her much older boyfriend",69,"lana-rhoades","Lana Rhoades","F",34,23,35,"D",165,115,TRUE,352000,3.56e+08,0.486281405018091
2,11.75,8147003,71,"TUSHY Lana Rhoades FIRST DOUBLE PENETRATION",43,"lana-rhoades","Lana Rhoades","F",34,23,35,"D",165,115,TRUE,352000,3.56e+08,0.486281405018091
1,12.35,1112297,71,"BLACKED Lana Rhodes Can't Stop Cheating With Anal BBC",53,"lana-rhoades","Lana Rhoades","F",34,23,35,"D",165,115,TRUE,352000,3.56e+08,0.486281405018091
1,7.5,1965992,69,"Lana Rhoades Scissor Twerking on Mother-In-Law's Box",52,"lana-rhoades","Lana Rhoades","F",34,23,35,"D",165,115,TRUE,352000,3.56e+08,0.486281405018091
1,11.2833333333333,343104,74,"Jules Jordan - Lana Rhoades Goes Anal",37,"lana-rhoades","Lana Rhoades","F",34,23,35,"D",165,115,TRUE,352000,3.56e+08,0.486281405018091
1,8.06666666666667,441231,69,"Hot Babe Lana Rhoades gets fucked hard!",39,"lana-rhoades","Lana Rhoades","F",34,23,35,"D",165,115,TRUE,352000,3.56e+08,0.486281405018091
1,11.5833333333333,651197,67,"BLACKEDRAW Wife likes his big black cock a little too much",58,"lana-rhoades","Lana Rhoades","F",34,23,35,"D",165,115,TRUE,352000,3.56e+08,0.486281405018091
1,15.6333333333333,1444334,71,"PORNFIDELITY - Lana Rhoades Leaves You Breathless",49,"lana-rhoades","Lana Rhoades","F",34,23,35,"D",165,115,TRUE,352000,3.56e+08,0.486281405018091
1,14.1666666666667,355723,72,"Hotwife Lana Rhoades Sent For Anal Fucking",42,"lana-rhoades","Lana Rhoades","F",34,23,35,"D",165,115,TRUE,352000,3.56e+08,0.486281405018091
1,7.5,389791,75,"Lana Rhoades Makes Masseuse Lock the Door and Get her Off!",58,"lana-rhoades","Lana Rhoades","F",34,23,35,"D",165,115,TRUE,352000,3.56e+08,0.486281405018091
1,8.98333333333333,2926050,71,"LesbianX Tori Black & Lana Rhoades Go REAL Crazy - HOT",54,"lana-rhoades","Lana Rhoades","F",34,23,35,"D",165,115,TRUE,352000,3.56e+08,0.486281405018091
2,7.5,297509,77,"Lana Rhoades and Kristen Scott Playful Ass and Pussy Licks",58,"lana-rhoades","Lana Rhoades","F",34,23,35,"D",165,115,TRUE,352000,3.56e+08,0.486281405018091
1,11.9166666666667,1838468,72,"TUSHY Lana Rhoades ANAL Encounter",33,"lana-rhoades","Lana Rhoades","F",34,23,35,"D",165,115,TRUE,352000,3.56e+08,0.486281405018091
1,8.13333333333333,402850,71,"Lana Rhoades and James Deen Get Hot and Passionate",50,"lana-rhoades","Lana Rhoades","F",34,23,35,"D",165,115,TRUE,352000,3.56e+08,0.486281405018091
1,7.5,1805568,72,"Girlsway Lana Rhoades Squirts All Over Dillion Harper's Face!",61,"lana-rhoades","Lana Rhoades","F",34,23,35,"D",165,115,TRUE,352000,3.56e+08,0.486281405018091
1,7.5,595887,71,"AllGirlMassage Lana Rhoades Seduced and Ass Licked Blonde Amazon",64,"lana-rhoades","Lana Rhoades","F",34,23,35,"D",165,115,TRUE,352000,3.56e+08,0.486281405018091
1,7.5,193032,78,"Mark Wood gifted Lana Rhoades Ravenous Asshole for his BDay!",60,"lana-rhoades","Lana Rhoades","F",34,23,35,"D",165,115,TRUE,352000,3.56e+08,0.486281405018091
1,12.0333333333333,1098951,71,"MIA KHALIFA - Here is My Body, I hope you like it.",50,"mia-khalifa","Mia Khalifa","F",NA,NA,NA,NA,157,121,NA,NA,5.80620017e+14,NA
1,12.0333333333333,1005076,68,"MIA KHALIFA - Big Tits Arab Pornstar Enjoying An Interracial Threesome",70,"mia-khalifa","Mia Khalifa","F",NA,NA,NA,NA,157,121,NA,NA,5.80620017e+14,NA
1,12,1763819,67,"BANGBROS - Mia Khalifa Is Ready For Asante Stone's Big Black Dick!",66,"mia-khalifa","Mia Khalifa","F",NA,NA,NA,NA,157,121,NA,NA,5.80620017e+14,NA
1,12,1838165,70,"MIA KHALIFA - Cum Watch My Porn Audition With Tony Rubino",57,"mia-khalifa","Mia Khalifa","F",NA,NA,NA,NA,157,121,NA,NA,5.80620017e+14,NA
1,4.98333333333333,4003669,65,"Mia Khalifa Struggles To Take a Big Black Cock (mk13775)",56,"mia-khalifa","Mia Khalifa","F",NA,NA,NA,NA,157,121,NA,NA,5.80620017e+14,NA
1,11.9833333333333,1826924,69,"BANGBROS - J-Mac Pounds Arab Pornstar Mia Khalifa FTW! (btra13562)",66,"mia-khalifa","Mia Khalifa","F",NA,NA,NA,NA,157,121,NA,NA,5.80620017e+14,NA
1,10.2,5606514,67,"MIA KHALIFA - Black Football Player Gets His Dick Sucked While Friend Watch",75,"mia-khalifa","Mia Khalifa","F",NA,NA,NA,NA,157,121,NA,NA,5.80620017e+14,NA
2,11.95,7316620,69,"MIA KHALIFA - Featuring Big Tits MILF Julianna Vega... With Cum Shot!",69,"mia-khalifa","Mia Khalifa","F",NA,NA,NA,NA,157,121,NA,NA,5.80620017e+14,NA
1,16.3666666666667,1075493,71,"MIA KHALIFA - Explains Her Tattoos and Plays With Herself on Webcam",67,"mia-khalifa","Mia Khalifa","F",NA,NA,NA,NA,157,121,NA,NA,5.80620017e+14,NA
1,7,1322711,66,"Smoking hot Mia Khalifia shows off her massive Boobs§§§§§",57,"mia-khalifa","Mia Khalifa","F",NA,NA,NA,NA,157,121,NA,NA,5.80620017e+14,NA
1,12.0333333333333,2153749,70,"MIA KHALIFA - Bath Time with Sean Lawless Is The Best Time!",59,"mia-khalifa","Mia Khalifa","F",NA,NA,NA,NA,157,121,NA,NA,5.80620017e+14,NA
1,25.1833333333333,2381253,63,"Mia Khalifa Lets Make A Sextape anal",36,"mia-khalifa","Mia Khalifa","F",NA,NA,NA,NA,157,121,NA,NA,5.80620017e+14,NA
1,18.7333333333333,1758992,66,"Mia Khalifa Webcam Sex iCam5.Com",32,"mia-khalifa","Mia Khalifa","F",NA,NA,NA,NA,157,121,NA,NA,5.80620017e+14,NA
1,5.08333333333333,3239853,76,"Mia Khalifa Masturbates for you",31,"mia-khalifa","Mia Khalifa","F",NA,NA,NA,NA,157,121,NA,NA,5.80620017e+14,NA
1,26.9,1674749,74,"MIA KHALIFA - Gorgeous Arab Pornstar Solo Masturbation on Red Couch",67,"mia-khalifa","Mia Khalifa","F",NA,NA,NA,NA,157,121,NA,NA,5.80620017e+14,NA
1,35.6166666666667,1090173,72,"MIA KHALIFA - Big Tits Arab Pornstar Sensation Private Camster Camshow",70,"mia-khalifa","Mia Khalifa","F",NA,NA,NA,NA,157,121,NA,NA,5.80620017e+14,NA
1,38.6333333333333,663302,73,"CAMSTER - Big Tits Arab Pornstar Mia Khalifa Interacting With Her Fans",70,"mia-khalifa","Mia Khalifa","F",NA,NA,NA,NA,157,121,NA,NA,5.80620017e+14,NA
1,4.86666666666667,1275115,70,"Big Chocolate Cock Fucks Beautiful Big Titty Arab Babe Pussy",60,"mia-khalifa","Mia Khalifa","F",NA,NA,NA,NA,157,121,NA,NA,5.80620017e+14,NA
1,17.1833333333333,1229982,74,"MIA KHALIFA - Big Tits Arab Pornstar Webcam Solo For Fans On Camster.com",72,"mia-khalifa","Mia Khalifa","F",NA,NA,NA,NA,157,121,NA,NA,5.80620017e+14,NA
2,4.88333333333333,1239262,69,"Hot Busty Arab Stepmom & Daughter Fight Over A Huge White Dick",62,"mia-khalifa","Mia Khalifa","F",NA,NA,NA,NA,157,121,NA,NA,5.80620017e+14,NA
1,12,1765062,72,"MIA KHALIFA - Busty Arab Beauty Tries A Big Black Dick And Likes It",67,"mia-khalifa","Mia Khalifa","F",NA,NA,NA,NA,157,121,NA,NA,5.80620017e+14,NA
1,11.1166666666667,1294387,64,"BEST OF SEXY CUMSLUT MIA KHALIFA ANAL BLOWJOB FACEFUCK FUCK THE WHORE",69,"mia-khalifa","Mia Khalifa","F",NA,NA,NA,NA,157,121,NA,NA,5.80620017e+14,NA
1,10.1333333333333,1439440,71,"MIA KHALIFA - Big Tits Arab Pornstar Fucks Sean Lawless Poolside",64,"mia-khalifa","Mia Khalifa","F",NA,NA,NA,NA,157,121,NA,NA,5.80620017e+14,NA
1,7.26666666666667,826546,70,"MIA KHALIFA - Taboo Arab Pornstar Gives Blowjob Lessons",55,"mia-khalifa","Mia Khalifa","F",NA,NA,NA,NA,157,121,NA,NA,5.80620017e+14,NA
1,11.9833333333333,8317558,64,"MIA KHALIFA - Big Tits Arab Pornstar Takes A Fan's Virginity (mk13819)",70,"mia-khalifa","Mia Khalifa","F",NA,NA,NA,NA,157,121,NA,NA,5.80620017e+14,NA
1,11.9833333333333,4004225,68,"MIA KHALIFA - Big Tits Arab Pornstar Cheats On BF with Two Black Studs",70,"mia-khalifa","Mia Khalifa","F",NA,NA,NA,NA,157,121,NA,NA,5.80620017e+14,NA
1,12,11476182,66,"MIA KHALIFA - Getting extra dick from J-Mac behind the scenes! (mk13784)",72,"mia-khalifa","Mia Khalifa","F",NA,NA,NA,NA,157,121,NA,NA,5.80620017e+14,NA
1,12,6255914,68,"MIAKHALIFA - Mia Khalifa Tries A Big Black Dick And Likes It (mk13775)",70,"mia-khalifa","Mia Khalifa","F",NA,NA,NA,NA,157,121,NA,NA,5.80620017e+14,NA
1,23.1666666666667,3411835,68,"MIAKHALIFA - Sitting on Big Cocks With Big Tits Facing Forward Compilation",74,"mia-khalifa","Mia Khalifa","F",NA,NA,NA,NA,157,121,NA,NA,5.80620017e+14,NA
1,5.96666666666667,2480384,74,"Mia Khalifa - Cumshot Compilation Video",39,"mia-khalifa","Mia Khalifa","F",NA,NA,NA,NA,157,121,NA,NA,5.80620017e+14,NA
1,15,1041766,71,"Mia Khalifa - Blowjob Compilation Video",39,"mia-khalifa","Mia Khalifa","F",NA,NA,NA,NA,157,121,NA,NA,5.80620017e+14,NA
2,11.9666666666667,4998180,73,"Mia Khalifa - Art imitating life with Julianna Vega and Sean Lawless",68,"mia-khalifa","Mia Khalifa","F",NA,NA,NA,NA,157,121,NA,NA,5.80620017e+14,NA
1,12.0166666666667,2308283,69,"MIAKHALIFA - I am a sucker for a QB (mk13777)",45,"mia-khalifa","Mia Khalifa","F",NA,NA,NA,NA,157,121,NA,NA,5.80620017e+14,NA
1,24.8166666666667,2317072,68,"Muslim Mia Khalifa Full Sex Video",33,"mia-khalifa","Mia Khalifa","F",NA,NA,NA,NA,157,121,NA,NA,5.80620017e+14,NA
1,7,1489067,71,"Mia khalifa at home",19,"mia-khalifa","Mia Khalifa","F",NA,NA,NA,NA,157,121,NA,NA,5.80620017e+14,NA
1,12,1882329,71,"Mia Khalifa's Wet Big Tits Getting Fucked By The Pool (mk13785)",63,"mia-khalifa","Mia Khalifa","F",NA,NA,NA,NA,157,121,NA,NA,5.80620017e+14,NA
1,12,5393501,68,"Mia Khalifa first porn audition for BangBros (mk13786)",54,"mia-khalifa","Mia Khalifa","F",NA,NA,NA,NA,157,121,NA,NA,5.80620017e+14,NA
1,11.9833333333333,12948809,68,"Mia Khalifa Shows Off Big Tits in Shower and Gets Fucked Hard! (mk13783)",72,"mia-khalifa","Mia Khalifa","F",NA,NA,NA,NA,157,121,NA,NA,5.80620017e+14,NA
1,5.28333333333333,12066833,61,"Mia Khalifa popped a fans cherry and it was awkward AF! (mk13819)",65,"mia-khalifa","Mia Khalifa","F",NA,NA,NA,NA,157,121,NA,NA,5.80620017e+14,NA
1,5.01666666666667,5376860,68,"Me Getting extra dick Behind the scenes! (mk13784)",50,"mia-khalifa","Mia Khalifa","F",NA,NA,NA,NA,157,121,NA,NA,5.80620017e+14,NA
1,5.1,9920457,70,"Bath Time Is The Best Time for Big Tits Arab Pornstar Mia Khalifa (mk13783)",75,"mia-khalifa","Mia Khalifa","F",NA,NA,NA,NA,157,121,NA,NA,5.80620017e+14,NA
1,5.13333333333333,637370,70,"Blowjob Lessons with Mia Khalifa and Her Arab Friend (mk13818)",62,"mia-khalifa","Mia Khalifa","F",NA,NA,NA,NA,157,121,NA,NA,5.80620017e+14,NA
1,5,2608797,74,"Mia Khalifa's First Ever Creampie Scene (mk13785)",49,"mia-khalifa","Mia Khalifa","F",NA,NA,NA,NA,157,121,NA,NA,5.80620017e+14,NA
1,5.06666666666667,1457456,74,"Big Tits Arab Pornstars Mia Khalifa and Julianna Vega Fuck Big Dick White D",75,"mia-khalifa","Mia Khalifa","F",NA,NA,NA,NA,157,121,NA,NA,5.80620017e+14,NA
1,5.2,713647,73,"Mia Khalifa Nails Her Porn Audition (mk13786)",45,"mia-khalifa","Mia Khalifa","F",NA,NA,NA,NA,157,121,NA,NA,5.80620017e+14,NA
1,5.76666666666667,919651,70,"Here is My Body, I hope you like it - Mia Khalifa (mk13825)",59,"mia-khalifa","Mia Khalifa","F",NA,NA,NA,NA,157,121,NA,NA,5.80620017e+14,NA
1,10.1666666666667,677646,57,"Arab Mia Khalifa Compares Big Black Cock to White Penis",55,"mia-khalifa","Mia Khalifa","F",NA,NA,NA,NA,157,121,NA,NA,5.80620017e+14,NA
1,5.28333333333333,5836613,63,"Mia Khalifa popped a fans cherry and it was awkward AF! (mk13819)",65,"mia-khalifa","Mia Khalifa","F",NA,NA,NA,NA,157,121,NA,NA,5.80620017e+14,NA
1,12,8085630,65,"Mia Khalifa Craves Big Black Dick Against Boyfriend's Wishes (mk13769)",70,"mia-khalifa","Mia Khalifa","F",NA,NA,NA,NA,157,121,NA,NA,5.80620017e+14,NA
1,5.01666666666667,1972404,72,"Mia Khalifa Taking Black",24,"mia-khalifa","Mia Khalifa","F",NA,NA,NA,NA,157,121,NA,NA,5.80620017e+14,NA
1,12.9166666666667,541392,64,"Jules Jordan - Riley Reid Found Dredd’s Sea Monster!",52,"riley-reid","Riley Reid","F",32,25,36,"A",163,108,TRUE,680000,7.87e+08,0.619691169978305
1,5.61666666666667,59773,64,"Riley Reid Blows And Rides Your Cock In Virtual Reality",55,"riley-reid","Riley Reid","F",32,25,36,"A",163,108,TRUE,680000,7.87e+08,0.619691169978305
1,21.4833333333333,204750,74,"Reily Reid Femdom Cuckold pov",29,"riley-reid","Riley Reid","F",32,25,36,"A",163,108,TRUE,680000,7.87e+08,0.619691169978305
1,41.6166666666667,266860,73,"Riley reid leggings",19,"riley-reid","Riley Reid","F",32,25,36,"A",163,108,TRUE,680000,7.87e+08,0.619691169978305
2,7,574255,71,"RoccoSiffredi Riley Reid y Maddy O'Reilly Behind Escene",55,"riley-reid","Riley Reid","F",32,25,36,"A",163,108,TRUE,680000,7.87e+08,0.619691169978305
1,28.0833333333333,245360,67,"Melissa Moore & Riley Reid enjoyed Threesome",44,"riley-reid","Riley Reid","F",32,25,36,"A",163,108,TRUE,680000,7.87e+08,0.619691169978305
1,29.5166666666667,605178,72,"Riley reid fucks her Step brother",33,"riley-reid","Riley Reid","F",32,25,36,"A",163,108,TRUE,680000,7.87e+08,0.619691169978305
1,14.6833333333333,647868,70,"Hermanastro chantajea a su hermana para follar",46,"riley-reid","Riley Reid","F",32,25,36,"A",163,108,TRUE,680000,7.87e+08,0.619691169978305
1,6.26666666666667,222764,75,"TINY4K Best Pornstar Fuck with Riley Reid",41,"riley-reid","Riley Reid","F",32,25,36,"A",163,108,TRUE,680000,7.87e+08,0.619691169978305
2,11.9833333333333,306057,72,"BANGBROS - MILF Kendra Lust and Riley Reid Getting Fucked By Mike Adriano",73,"riley-reid","Riley Reid","F",32,25,36,"A",163,108,TRUE,680000,7.87e+08,0.619691169978305
2,11.65,130332,73,"PervCity Sloppy Blowjob from Veronica Rodriquez and Riley Reid",62,"riley-reid","Riley Reid","F",32,25,36,"A",163,108,TRUE,680000,7.87e+08,0.619691169978305
1,12.2333333333333,649433,71,"TRUE ANAL Tiny Riley Reid has her ass licked then fucked",56,"riley-reid","Riley Reid","F",32,25,36,"A",163,108,TRUE,680000,7.87e+08,0.619691169978305
1,37.4,204489,78,"Riley Reid & Elsa Jean | Dom/Sub",32,"riley-reid","Riley Reid","F",32,25,36,"A",163,108,TRUE,680000,7.87e+08,0.619691169978305
1,19.6333333333333,111901,85,"Solo Piano Tease with Riley Reid - JOI",38,"riley-reid","Riley Reid","F",32,25,36,"A",163,108,TRUE,680000,7.87e+08,0.619691169978305
3,12.75,312027,76,"THE ULTIMATE REVERSE COWGIRL ANAL COMPILATION - PART 1",54,"riley-reid","Riley Reid","F",32,25,36,"A",163,108,TRUE,680000,7.87e+08,0.619691169978305
1,29.5,556561,72,"Riley Reid and Kimmy Granger play together",42,"riley-reid","Riley Reid","F",32,25,36,"A",163,108,TRUE,680000,7.87e+08,0.619691169978305
2,12.7,484168,73,"TUSHY Riley Reid And Paige Owens massive anal gapes",51,"riley-reid","Riley Reid","F",32,25,36,"A",163,108,TRUE,680000,7.87e+08,0.619691169978305
1,14.2166666666667,383946,69,"Riley Reid Beat Off Challenge",29,"riley-reid","Riley Reid","F",32,25,36,"A",163,108,TRUE,680000,7.87e+08,0.619691169978305
1,25.15,1727381,64,"riley reid - the schoolgirl",27,"riley-reid","Riley Reid","F",32,25,36,"A",163,108,TRUE,680000,7.87e+08,0.619691169978305
1,7.5,563336,71,"Sweetheart Riley Reid Can't Stop Squirting with College Lesbian!",64,"riley-reid","Riley Reid","F",32,25,36,"A",163,108,TRUE,680000,7.87e+08,0.619691169978305
1,8.6,268110,81,"Riley Reid: Brian's Secret 2",28,"riley-reid","Riley Reid","F",32,25,36,"A",163,108,TRUE,680000,7.87e+08,0.619691169978305
1,6.7,450426,85,"Dancing with the Porn Stars: RILEY REID",39,"riley-reid","Riley Reid","F",32,25,36,"A",163,108,TRUE,680000,7.87e+08,0.619691169978305
3,12.3666666666667,221053,63,"Jules Jordan - Ultimate Big Black Cock Orgy With Riley Reid And Friends",71,"riley-reid","Riley Reid","F",32,25,36,"A",163,108,TRUE,680000,7.87e+08,0.619691169978305
1,15.4333333333333,498348,69,"TEENFIDELITY Young Riley Reid Covered in Cum By the Pool Man",60,"riley-reid","Riley Reid","F",32,25,36,"A",163,108,TRUE,680000,7.87e+08,0.619691169978305
1,18.05,2324691,70,"CUM4K Multiple OOZING creampies with Riley Reid",47,"riley-reid","Riley Reid","F",32,25,36,"A",163,108,TRUE,680000,7.87e+08,0.619691169978305
3,12.5833333333333,355588,70,"VIXEN Enticing Threesome Compilation",36,"riley-reid","Riley Reid","F",32,25,36,"A",163,108,TRUE,680000,7.87e+08,0.619691169978305
3,11.0166666666667,756035,75,"TUSHY Deep Double Penetration Compilation",41,"riley-reid","Riley Reid","F",32,25,36,"A",163,108,TRUE,680000,7.87e+08,0.619691169978305
3,12.1666666666667,358018,66,"BLACKEDRAW Raw Footage Compilation",34,"riley-reid","Riley Reid","F",32,25,36,"A",163,108,TRUE,680000,7.87e+08,0.619691169978305
1,10,96818,70,"Beautiful Red Head Penny Pax Tongues Pussy With Riley Reid!",59,"riley-reid","Riley Reid","F",32,25,36,"A",163,108,TRUE,680000,7.87e+08,0.619691169978305
3,12.65,2704393,66,"BLACKED RAW Intense Hardcore Compilation",40,"riley-reid","Riley Reid","F",32,25,36,"A",163,108,TRUE,680000,7.87e+08,0.619691169978305
3,9.41666666666667,679148,79,"""MAKE ME GAPE"" - A CUM IN ASS AND CREAMPIE COMPILATION - ALL GIRLS LABELED!",75,"riley-reid","Riley Reid","F",32,25,36,"A",163,108,TRUE,680000,7.87e+08,0.619691169978305
3,7.68333333333333,65041,72,"Asa Akira Explores Pornhub Nation",33,"riley-reid","Riley Reid","F",32,25,36,"A",163,108,TRUE,680000,7.87e+08,0.619691169978305
1,7.5,178998,74,"Lesbian Teen Riley Reid Wants More From Step MILF Mindi Mink",60,"riley-reid","Riley Reid","F",32,25,36,"A",163,108,TRUE,680000,7.87e+08,0.619691169978305
1,43.65,438880,75,"Step Dad teaches anal",21,"riley-reid","Riley Reid","F",32,25,36,"A",163,108,TRUE,680000,7.87e+08,0.619691169978305
2,11.35,4329184,70,"VIXEN Riley Reid has Intense Threesome with Ana Foxxx and Boyfriend",67,"riley-reid","Riley Reid","F",32,25,36,"A",163,108,TRUE,680000,7.87e+08,0.619691169978305
1,15.65,286313,70,"Riley Reid Lingerie Escorting Fantasy",37,"riley-reid","Riley Reid","F",32,25,36,"A",163,108,TRUE,680000,7.87e+08,0.619691169978305
1,32.3666666666667,952717,71,"Malena Morgan and Riley Reid Lesbian Fingering",46,"riley-reid","Riley Reid","F",32,25,36,"A",163,108,TRUE,680000,7.87e+08,0.619691169978305
1,11.9666666666667,496992,71,"Making Boss Riley Reid Squirt Gets Him The Job! S27:E14",55,"riley-reid","Riley Reid","F",32,25,36,"A",163,108,TRUE,680000,7.87e+08,0.619691169978305
1,5.63333333333333,59780,70,"Riley Reid Teases You In Virtual Reality",40,"riley-reid","Riley Reid","F",32,25,36,"A",163,108,TRUE,680000,7.87e+08,0.619691169978305
1,18.7333333333333,362505,76,"Riley Reid strap on",19,"riley-reid","Riley Reid","F",32,25,36,"A",163,108,TRUE,680000,7.87e+08,0.619691169978305
1,34.0833333333333,594049,67,"riley reid hardcore gangbang interracial",40,"riley-reid","Riley Reid","F",32,25,36,"A",163,108,TRUE,680000,7.87e+08,0.619691169978305
1,12.0666666666667,137596,57,"Jules Jordan - Riley Reid Gets Jumped In With A Gang Of Black Cocks",67,"riley-reid","Riley Reid","F",32,25,36,"A",163,108,TRUE,680000,7.87e+08,0.619691169978305
1,12.5166666666667,897755,76,"Elsa Jean and Riley Reid Love Each Other",40,"riley-reid","Riley Reid","F",32,25,36,"A",163,108,TRUE,680000,7.87e+08,0.619691169978305
1,4.08333333333333,534288,75,"Riley Reid Insane Gangbang & Cumshots (PMV/EP.15)",49,"riley-reid","Riley Reid","F",32,25,36,"A",163,108,TRUE,680000,7.87e+08,0.619691169978305
1,17.0833333333333,335278,83,"Riley Reid - Naughty Officer",28,"riley-reid","Riley Reid","F",32,25,36,"A",163,108,TRUE,680000,7.87e+08,0.619691169978305
1,3.43333333333333,514527,81,"Lisa Ann vs. Ava Addams | MILF Battle | vs. PMV Compilation Ep. 5",65,"lisa-ann","Lisa Ann","F",38,20,34,"D",157,110,TRUE,401000,6.42e+08,0.524865012089747
1,31.45,1505036,66,"Stepmom Lends A Hand : Lisa Ann",31,"lisa-ann","Lisa Ann","F",38,20,34,"D",157,110,TRUE,401000,6.42e+08,0.524865012089747
1,12,719059,68,"BANGBROS - Lisa Ann Gets an Interracil Double Penetration (mc13549)",67,"lisa-ann","Lisa Ann","F",38,20,34,"D",157,110,TRUE,401000,6.42e+08,0.524865012089747
3,12,623263,68,"BANGBROS - Pornstars Lisa Ann, Diamond Kitty, Alexis Fawx and Valerie Kay",73,"lisa-ann","Lisa Ann","F",38,20,34,"D",157,110,TRUE,401000,6.42e+08,0.524865012089747
1,11.9833333333333,591042,62,"BANGBROS - MILF Pornstar Lisa Ann Rocks The Bang Bus With Her Big Tits",70,"lisa-ann","Lisa Ann","F",38,20,34,"D",157,110,TRUE,401000,6.42e+08,0.524865012089747
1,10.9,300267,67,"Puma Swede Get Lisa Ann's Pussy for her Birthday!",49,"lisa-ann","Lisa Ann","F",38,20,34,"D",157,110,TRUE,401000,6.42e+08,0.524865012089747
1,10,117552,72,"Curvaceous Milf Sara Jay Loves Cougar Lisa Ann's Pussy!",55,"lisa-ann","Lisa Ann","F",38,20,34,"D",157,110,TRUE,401000,6.42e+08,0.524865012089747
1,7.38333333333333,206766,78,"Lisa Ann Strip Tease and Pussy Masturbation Members Video - TheLisaAnn",70,"lisa-ann","Lisa Ann","F",38,20,34,"D",157,110,TRUE,401000,6.42e+08,0.524865012089747
1,32.4166666666667,1308347,60,"my friends hot mom",18,"lisa-ann","Lisa Ann","F",38,20,34,"D",157,110,TRUE,401000,6.42e+08,0.524865012089747
1,8,73976,67,"Ass Licking Lesbians Sophie Dee & Lisa Ann Enjoy Their Cunts",60,"lisa-ann","Lisa Ann","F",38,20,34,"D",157,110,TRUE,401000,6.42e+08,0.524865012089747
1,7.3,80916,68,"Sexual escapades with Jayden Cole and Lisa Ann",46,"lisa-ann","Lisa Ann","F",38,20,34,"D",157,110,TRUE,401000,6.42e+08,0.524865012089747
1,8,142631,71,"Busty Babes Sophie Dee & Lisa Ann Lick Their Pussy & Asses!",59,"lisa-ann","Lisa Ann","F",38,20,34,"D",157,110,TRUE,401000,6.42e+08,0.524865012089747
1,10,477210,67,"Milf Lisa Ann Out of Retirement First Cam Show Camsoda",54,"lisa-ann","Lisa Ann","F",38,20,34,"D",157,110,TRUE,401000,6.42e+08,0.524865012089747
1,13.35,325558,69,"Stunning Milf Lisa Ann has a taste for Latin meat",49,"lisa-ann","Lisa Ann","F",38,20,34,"D",157,110,TRUE,401000,6.42e+08,0.524865012089747
1,31.8333333333333,816248,70,"LISA ANN & JULIA ANN OIL LOADED",31,"lisa-ann","Lisa Ann","F",38,20,34,"D",157,110,TRUE,401000,6.42e+08,0.524865012089747
1,31.5666666666667,2229072,66,"LISA ANN & HER STEP SON SHARE HOTEL ROOM",40,"lisa-ann","Lisa Ann","F",38,20,34,"D",157,110,TRUE,401000,6.42e+08,0.524865012089747
1,24.1,947742,68,"Lisa Ann LiveGonzo VS Manuel Ferrera",36,"lisa-ann","Lisa Ann","F",38,20,34,"D",157,110,TRUE,401000,6.42e+08,0.524865012089747
1,12,362119,68,"BANGBROS - Anal Pounding MILF Pornstar Lisa Ann and Sexy Casey Calvert",70,"lisa-ann","Lisa Ann","F",38,20,34,"D",157,110,TRUE,401000,6.42e+08,0.524865012089747
1,9.58333333333333,1494017,69,"EvilAngel Exclusive: Lisa Ann's Return to Porn with Johnny Sins!",64,"lisa-ann","Lisa Ann","F",38,20,34,"D",157,110,TRUE,401000,6.42e+08,0.524865012089747
1,9.5,471460,80,"Lisa ann solo MILF",18,"lisa-ann","Lisa Ann","F",38,20,34,"D",157,110,TRUE,401000,6.42e+08,0.524865012089747
1,7.18333333333333,311598,70,"Busty Lisa Ann eats pussy of Remy Lacroix then sits on her face",63,"lisa-ann","Lisa Ann","F",38,20,34,"D",157,110,TRUE,401000,6.42e+08,0.524865012089747
1,10.5833333333333,468466,69,"Lisa Ann loving big black cock from the inspector",49,"lisa-ann","Lisa Ann","F",38,20,34,"D",157,110,TRUE,401000,6.42e+08,0.524865012089747
1,6.81666666666667,161690,70,"Retro foot tease with young lisa ann",36,"lisa-ann","Lisa Ann","F",38,20,34,"D",157,110,TRUE,401000,6.42e+08,0.524865012089747
2,18.9166666666667,872540,72,"Lisa Ann and Phoenix Marie fuck in hot threesome",48,"lisa-ann","Lisa Ann","F",38,20,34,"D",157,110,TRUE,401000,6.42e+08,0.524865012089747
1,17.35,603723,72,"Lisa Ann & Julia Ann Sucking Cock (POV)",39,"lisa-ann","Lisa Ann","F",38,20,34,"D",157,110,TRUE,401000,6.42e+08,0.524865012089747
1,4.35,195101,85,"Shameless Hostesses - the next ones (pmv)",41,"lisa-ann","Lisa Ann","F",38,20,34,"D",157,110,TRUE,401000,6.42e+08,0.524865012089747
1,4.2,1214679,76,"Lisa ann anal massage",21,"lisa-ann","Lisa Ann","F",38,20,34,"D",157,110,TRUE,401000,6.42e+08,0.524865012089747
1,11.0833333333333,504526,71,"PORN BATTLES #08 - Julia Ann Vs. Lisa Ann",41,"lisa-ann","Lisa Ann","F",38,20,34,"D",157,110,TRUE,401000,6.42e+08,0.524865012089747
1,12,1053199,71,"BANGBROS - Big Tits MILF Cop Lisa Ann Grants Final Wish To Criminal In Jail",75,"lisa-ann","Lisa Ann","F",38,20,34,"D",157,110,TRUE,401000,6.42e+08,0.524865012089747
1,24,1161353,72,"THE CHALLENGE 3 - Mission ""NOT"" Cum?... Impossible (MILF Edition)",65,"lisa-ann","Lisa Ann","F",38,20,34,"D",157,110,TRUE,401000,6.42e+08,0.524865012089747
1,10.0666666666667,1150030,69,"Jules Jordan - Lisa Ann Loves Mandingo's Big Black Monster Cock",63,"lisa-ann","Lisa Ann","F",38,20,34,"D",157,110,TRUE,401000,6.42e+08,0.524865012089747
3,51.5833333333333,519675,72,"maids",5,"lisa-ann","Lisa Ann","F",38,20,34,"D",157,110,TRUE,401000,6.42e+08,0.524865012089747
1,12.9,565542,53,"The News @ Sex - Skydiving With Lisa Ann! Pt 2",46,"lisa-ann","Lisa Ann","F",38,20,34,"D",157,110,TRUE,401000,6.42e+08,0.524865012089747
1,17.7,183792,52,"The News @ Sex - Skydiving With Lisa Ann! Pt 1",46,"lisa-ann","Lisa Ann","F",38,20,34,"D",157,110,TRUE,401000,6.42e+08,0.524865012089747
1,11,435068,67,"Hot Cougars Julia Ann & Lisa Ann Oil Up & Bang 2 Big Cocks!",59,"lisa-ann","Lisa Ann","F",38,20,34,"D",157,110,TRUE,401000,6.42e+08,0.524865012089747
1,22.7666666666667,256154,78,"Pussy Noir - Scene 1",20,"lisa-ann","Lisa Ann","F",38,20,34,"D",157,110,TRUE,401000,6.42e+08,0.524865012089747
1,25.6166666666667,412503,75,"IM DREAMING OF GENIE 2 - Scene 3",32,"lisa-ann","Lisa Ann","F",38,20,34,"D",157,110,TRUE,401000,6.42e+08,0.524865012089747
2,8,379440,73,"Dp 101 With Lissa Ann",21,"lisa-ann","Lisa Ann","F",38,20,34,"D",157,110,TRUE,401000,6.42e+08,0.524865012089747
2,12,735082,74,"BANGBROS - Stepson bangs his GF Ava Taylor and Stepmom Lisa Ann (smv13200)",74,"lisa-ann","Lisa Ann","F",38,20,34,"D",157,110,TRUE,401000,6.42e+08,0.524865012089747
2,10.0666666666667,377735,68,"Jules Jordan - Lisa Ann MILF Super Goddess Gets DP'd From Every Angle",69,"lisa-ann","Lisa Ann","F",38,20,34,"D",157,110,TRUE,401000,6.42e+08,0.524865012089747
1,11.9833333333333,2071038,68,"BANGBROS - Big Ass MILF Lisa Ann Takes Sean Lawless for a Ride (ap14408)",72,"lisa-ann","Lisa Ann","F",38,20,34,"D",157,110,TRUE,401000,6.42e+08,0.524865012089747
1,9.26666666666667,386567,71,"BangingBeauties MILF Lisa Ann Gets Ass Fucked by Mike Adriano",61,"lisa-ann","Lisa Ann","F",38,20,34,"D",157,110,TRUE,401000,6.42e+08,0.524865012089747
1,10.1,194970,72,"Hardcore Fucked Busty Lisa Ann Gets Jizzed",42,"lisa-ann","Lisa Ann","F",38,20,34,"D",157,110,TRUE,401000,6.42e+08,0.524865012089747
1,11,127507,73,"Beautiful Lesbian Duo Puma Swede & Lisa Ann Lick Some Pussy!",60,"lisa-ann","Lisa Ann","F",38,20,34,"D",157,110,TRUE,401000,6.42e+08,0.524865012089747
2,11,117462,72,"AIROTICA - Scene 1",18,"lisa-ann","Lisa Ann","F",38,20,34,"D",157,110,TRUE,401000,6.42e+08,0.524865012089747
1,25.8333333333333,444756,73,"Titillating Twosomes - Scene 2",30,"lisa-ann","Lisa Ann","F",38,20,34,"D",157,110,TRUE,401000,6.42e+08,0.524865012089747
1,10.0666666666667,3118713,74,"Jules Jordan - Lisa Ann Busty Cop Fuck My Ass Or Go To Jail",59,"lisa-ann","Lisa Ann","F",38,20,34,"D",157,110,TRUE,401000,6.42e+08,0.524865012089747
3,NA,2132199,70,"The Milf Encounters",19,"lisa-ann","Lisa Ann","F",38,20,34,"D",157,110,TRUE,401000,6.42e+08,0.524865012089747
3,NA,663738,69,"Bra Bustin and Deep Thrustin",28,"lisa-ann","Lisa Ann","F",38,20,34,"D",157,110,TRUE,401000,6.42e+08,0.524865012089747
1,10.0666666666667,1371376,68,"Jules Jordan - Lisa Ann Anal Silenced By Mandingo's Cock In Her ASS!",68,"lisa-ann","Lisa Ann","F",38,20,34,"D",157,110,TRUE,401000,6.42e+08,0.524865012089747
1,13.3166666666667,234433,74,"Mia Malkova and Kimmy Granger Wild Lesbian Sex",46,"mia-malkova","Mia Malkova","F",34,26,36,"C",170,119,TRUE,5e+05,4.98e+08,0.554938388166779
1,11.9833333333333,829196,70,"BANGBROS - Horny PAWG Step Sister Mia Malkova Ambushes Bro on Ass Parade",72,"mia-malkova","Mia Malkova","F",34,26,36,"C",170,119,TRUE,5e+05,4.98e+08,0.554938388166779
1,12.0333333333333,274575,69,"Jules Jordan - Mia Malkova Bubble Butt Slut Caught In An Oil Slick",66,"mia-malkova","Mia Malkova","F",34,26,36,"C",170,119,TRUE,5e+05,4.98e+08,0.554938388166779
1,7.4,278963,72,"VOGOV Bootylicious Blonde MIA MALKOVA Prefers Deep Anal",55,"mia-malkova","Mia Malkova","F",34,26,36,"C",170,119,TRUE,5e+05,4.98e+08,0.554938388166779
1,12.2166666666667,537531,66,"BLACKEDRAW Mia Malkova Keeps Her Husband Updated When Fucking BBC",65,"mia-malkova","Mia Malkova","F",34,26,36,"C",170,119,TRUE,5e+05,4.98e+08,0.554938388166779
3,12.6,423601,69,"TUSHY Incredible Anal Threesome Compilation",43,"mia-malkova","Mia Malkova","F",34,26,36,"C",170,119,TRUE,5e+05,4.98e+08,0.554938388166779
2,7.78333333333333,70952,63,"VogoV Tokens: Where Porn Penetrates Blockchain",46,"mia-malkova","Mia Malkova","F",34,26,36,"C",170,119,TRUE,5e+05,4.98e+08,0.554938388166779
3,10.8166666666667,441334,72,"TUSHY Amazing Anal Compilation",30,"mia-malkova","Mia Malkova","F",34,26,36,"C",170,119,TRUE,5e+05,4.98e+08,0.554938388166779
3,10.2333333333333,246993,74,"BLACKED Breathtaking Blowjob Compilation",40,"mia-malkova","Mia Malkova","F",34,26,36,"C",170,119,TRUE,5e+05,4.98e+08,0.554938388166779
2,12.2166666666667,898017,70,"TUSHY Husband Comes Home To Find His Wife And Friend Gaping For Him",67,"mia-malkova","Mia Malkova","F",34,26,36,"C",170,119,TRUE,5e+05,4.98e+08,0.554938388166779
1,12.1833333333333,1761532,70,"SWALLOWED Lana Rhoades and Mia ball sucking with deepthroat",59,"mia-malkova","Mia Malkova","F",34,26,36,"C",170,119,TRUE,5e+05,4.98e+08,0.554938388166779
1,11,119506,72,"Busty Jelena Jensen & Mia Malkova Lesbo Bang On Pool Table!",59,"mia-malkova","Mia Malkova","F",34,26,36,"C",170,119,TRUE,5e+05,4.98e+08,0.554938388166779
1,27.3166666666667,2458725,69,"Kendra Lust and Mia Malkova fucked",34,"mia-malkova","Mia Malkova","F",34,26,36,"C",170,119,TRUE,5e+05,4.98e+08,0.554938388166779
1,17.9666666666667,1637056,68,"BLACKED Mia Malkova Gets Dominated By Two BBCs",46,"mia-malkova","Mia Malkova","F",34,26,36,"C",170,119,TRUE,5e+05,4.98e+08,0.554938388166779
1,12.35,855255,71,"TRUE ANAL Bubble butt Mia Malkova anally gaped",46,"mia-malkova","Mia Malkova","F",34,26,36,"C",170,119,TRUE,5e+05,4.98e+08,0.554938388166779
1,17.9833333333333,2106266,67,"BLACKED MIA MALKOVA WORSHIPS BBC IN FIRST IR!!",46,"mia-malkova","Mia Malkova","F",34,26,36,"C",170,119,TRUE,5e+05,4.98e+08,0.554938388166779
1,2.35,1024708,73,"Mia Malkovas Onlyfans and Snapchat Content!",43,"mia-malkova","Mia Malkova","F",34,26,36,"C",170,119,TRUE,5e+05,4.98e+08,0.554938388166779
1,12.55,18218434,71,"Mia Malkova Welcomes Her New Stepbrother Back From Deployment",61,"mia-malkova","Mia Malkova","F",34,26,36,"C",170,119,TRUE,5e+05,4.98e+08,0.554938388166779
1,4.95,3846308,71,"Mia Malkova Grinds on Cock in Home Made Sex Tape",48,"mia-malkova","Mia Malkova","F",34,26,36,"C",170,119,TRUE,5e+05,4.98e+08,0.554938388166779
2,12.7333333333333,2889353,69,"TUSHY Mia Malkova and Vicki Chase Gape Together For The First Time!",67,"mia-malkova","Mia Malkova","F",34,26,36,"C",170,119,TRUE,5e+05,4.98e+08,0.554938388166779
1,11.0666666666667,810227,68,"Mia Malkova Beat Off Challenge",30,"mia-malkova","Mia Malkova","F",34,26,36,"C",170,119,TRUE,5e+05,4.98e+08,0.554938388166779
1,7.5,2296829,72,"StepMom Teaches Phat Ass Mia Malkova Kama Sutra!",48,"mia-malkova","Mia Malkova","F",34,26,36,"C",170,119,TRUE,5e+05,4.98e+08,0.554938388166779
1,12.65,4439009,71,"Mia Malkova bouncing her perfect ass on a big dick before getting creampie",74,"mia-malkova","Mia Malkova","F",34,26,36,"C",170,119,TRUE,5e+05,4.98e+08,0.554938388166779
1,11.9833333333333,179612,72,"BANGBROS - Teen PAWG Mia Malkova Has a Juicy Big Ass! (ap14415)",63,"mia-malkova","Mia Malkova","F",34,26,36,"C",170,119,TRUE,5e+05,4.98e+08,0.554938388166779
1,7.5,384715,73,"Big Dick Shower Surprise For Blonde Babe Mia Malkova",52,"mia-malkova","Mia Malkova","F",34,26,36,"C",170,119,TRUE,5e+05,4.98e+08,0.554938388166779
1,11.2166666666667,1509937,73,"Mia Malkova Quick Cut Compilation (No Music)",44,"mia-malkova","Mia Malkova","F",34,26,36,"C",170,119,TRUE,5e+05,4.98e+08,0.554938388166779
1,12,1070201,72,"BANGBROS - PAWG Mia Malkova Remains Flexible While Fucking Ramon Nomar",70,"mia-malkova","Mia Malkova","F",34,26,36,"C",170,119,TRUE,5e+05,4.98e+08,0.554938388166779
1,7.5,372840,70,"Joanna Angel Shares Cock with Hot Babysitter Mia Malkova!!!",59,"mia-malkova","Mia Malkova","F",34,26,36,"C",170,119,TRUE,5e+05,4.98e+08,0.554938388166779
1,14.5666666666667,702427,71,"TEENFIDELITY Mia Malkova Works Her Amazing Ass For Cum",54,"mia-malkova","Mia Malkova","F",34,26,36,"C",170,119,TRUE,5e+05,4.98e+08,0.554938388166779
1,15.3333333333333,439749,72,"TEENFIDELITY Mia Malkova Sells That Ass For Cash",48,"mia-malkova","Mia Malkova","F",34,26,36,"C",170,119,TRUE,5e+05,4.98e+08,0.554938388166779
1,13.4,847779,74,"Mia malkova pov",15,"mia-malkova","Mia Malkova","F",34,26,36,"C",170,119,TRUE,5e+05,4.98e+08,0.554938388166779
1,27.2666666666667,346613,67,"Blonde amateur girlfriend enjoys a big cock",43,"mia-malkova","Mia Malkova","F",34,26,36,"C",170,119,TRUE,5e+05,4.98e+08,0.554938388166779
1,7.51666666666667,955414,79,"Footsie Babes Mia Malkova Anal and Footjob",42,"mia-malkova","Mia Malkova","F",34,26,36,"C",170,119,TRUE,5e+05,4.98e+08,0.554938388166779
1,11.5166666666667,332780,80,"hot blonde playing with her pussy",33,"mia-malkova","Mia Malkova","F",34,26,36,"C",170,119,TRUE,5e+05,4.98e+08,0.554938388166779
2,15.3,398369,75,"TEENFIDELITY Adriana Chechik Facefucked and Creampied for Cash",62,"mia-malkova","Mia Malkova","F",34,26,36,"C",170,119,TRUE,5e+05,4.98e+08,0.554938388166779
1,8.76666666666667,2969547,68,"NubileFilms - Mia Malkova The Perfect Big Ass White Girl S24:E22",64,"mia-malkova","Mia Malkova","F",34,26,36,"C",170,119,TRUE,5e+05,4.98e+08,0.554938388166779
1,12.15,609854,71,"Slut Mia Malkova Gangbang",25,"mia-malkova","Mia Malkova","F",34,26,36,"C",170,119,TRUE,5e+05,4.98e+08,0.554938388166779
1,5.3,195511,77,"VR PORN - BRIDESMAIDS MIA MALKOVA & RILEY REID FUCK THE GROOM THREESOME",71,"mia-malkova","Mia Malkova","F",34,26,36,"C",170,119,TRUE,5e+05,4.98e+08,0.554938388166779
2,35.3666666666667,4805676,73,"Angela White and Mia Malkova in an oiled threesome",50,"mia-malkova","Mia Malkova","F",34,26,36,"C",170,119,TRUE,5e+05,4.98e+08,0.554938388166779
1,36.25,704107,77,"Mia Malkova Takes a Cock in her Phat Ass!",41,"mia-malkova","Mia Malkova","F",34,26,36,"C",170,119,TRUE,5e+05,4.98e+08,0.554938388166779
1,39.4666666666667,456772,65,"Eager To Learn",14,"brandi-love","Brandi Love","F",36,25,36,"C",170,126,TRUE,368000,6.31e+08,0.509891103912968
1,10.1,312875,68,"PureMature Mature busty Brandi Love rides hard porn watching cock",65,"brandi-love","Brandi Love","F",36,25,36,"C",170,126,TRUE,368000,6.31e+08,0.509891103912968
2,12,828061,68,"MomsTeachSex - BigTit Aunt Brandi Love Helps Teens Fuck S8:E8",61,"brandi-love","Brandi Love","F",36,25,36,"C",170,126,TRUE,368000,6.31e+08,0.509891103912968
1,36.55,454265,68,"Sorority Mom Fucks Step Sister And Brother",42,"brandi-love","Brandi Love","F",36,25,36,"C",170,126,TRUE,368000,6.31e+08,0.509891103912968
1,10.7666666666667,208152,62,"Brandi Love taking a big cock fucking from Manuel Ferrara - TRENCHCOATx",71,"brandi-love","Brandi Love","F",36,25,36,"C",170,126,TRUE,368000,6.31e+08,0.509891103912968
1,5.23333333333333,33485,78,"VRBangers.com - Busty Milf Cheats On Her Husband For The First Time VR porn",75,"brandi-love","Brandi Love","F",36,25,36,"C",170,126,TRUE,368000,6.31e+08,0.509891103912968
1,23.3333333333333,1445124,70,"Brandy love bbc",15,"brandi-love","Brandi Love","F",36,25,36,"C",170,126,TRUE,368000,6.31e+08,0.509891103912968
1,7.98333333333333,198408,64,"SPYFAM MULTIPLE Step moms FUCKED in SECRET compilation",54,"brandi-love","Brandi Love","F",36,25,36,"C",170,126,TRUE,368000,6.31e+08,0.509891103912968
1,11.3666666666667,1273956,71,"CUM4K Step Mom Brandi Love FILLED with multiple creampies",57,"brandi-love","Brandi Love","F",36,25,36,"C",170,126,TRUE,368000,6.31e+08,0.509891103912968
2,7.5,698264,75,"Sweetheart Alexis Fawx, Brandi Love & Cherie DeVille 3Way!!!!!",62,"brandi-love","Brandi Love","F",36,25,36,"C",170,126,TRUE,368000,6.31e+08,0.509891103912968
1,11.9,429882,68,"Squirting Brandi Love loves having a thick dick in her pussy",60,"brandi-love","Brandi Love","F",36,25,36,"C",170,126,TRUE,368000,6.31e+08,0.509891103912968
1,14.6,28484,69,"Brianna and cuckold 4",21,"brandi-love","Brandi Love","F",36,25,36,"C",170,126,TRUE,368000,6.31e+08,0.509891103912968
1,8.91666666666667,431243,79,"Sorry, I gotta blow and go!",27,"brandi-love","Brandi Love","F",36,25,36,"C",170,126,TRUE,368000,6.31e+08,0.509891103912968
1,15.1666666666667,919935,69,"When the husband is away, the MILF will play! (Brandi Love)",59,"brandi-love","Brandi Love","F",36,25,36,"C",170,126,TRUE,368000,6.31e+08,0.509891103912968
2,30.9666666666667,1770693,69,"STEP-MOM FUCKS HER STEP-DAUGHTER'S BOYFRIEND",44,"brandi-love","Brandi Love","F",36,25,36,"C",170,126,TRUE,368000,6.31e+08,0.509891103912968
1,28.9666666666667,484203,69,"Brandi Love 'helps' Peta Jensen",31,"brandi-love","Brandi Love","F",36,25,36,"C",170,126,TRUE,368000,6.31e+08,0.509891103912968
1,7.5,386754,72,"Abella Danger & Brandi Love Passionate Tribbing and Kissing",59,"brandi-love","Brandi Love","F",36,25,36,"C",170,126,TRUE,368000,6.31e+08,0.509891103912968
1,21.0333333333333,560707,64,"Brazzers - Brandi Love la Reine !",33,"brandi-love","Brandi Love","F",36,25,36,"C",170,126,TRUE,368000,6.31e+08,0.509891103912968
1,14.6833333333333,504359,66,"Brandi Love MILF Escort Drilled Hard",36,"brandi-love","Brandi Love","F",36,25,36,"C",170,126,TRUE,368000,6.31e+08,0.509891103912968
1,8.85,190933,82,"azianiiron-brandilove",21,"brandi-love","Brandi Love","F",36,25,36,"C",170,126,TRUE,368000,6.31e+08,0.509891103912968
1,9.75,216209,80,"azianiiron-brandilove",21,"brandi-love","Brandi Love","F",36,25,36,"C",170,126,TRUE,368000,6.31e+08,0.509891103912968
1,NA,355360,68,"1 hour of step-moms teach sex compilation (sex only) - www.AdultWay.club",72,"brandi-love","Brandi Love","F",36,25,36,"C",170,126,TRUE,368000,6.31e+08,0.509891103912968
2,14.4,1328002,65,"MILF Brandi Love Fucks Young Hung Stud",38,"brandi-love","Brandi Love","F",36,25,36,"C",170,126,TRUE,368000,6.31e+08,0.509891103912968
1,15.4833333333333,534121,68,"Brandi Love Big Tit MILF Fucks Young Boy",40,"brandi-love","Brandi Love","F",36,25,36,"C",170,126,TRUE,368000,6.31e+08,0.509891103912968
1,7.43333333333333,2583448,69,"Busty Milf step Mom Spies Son Jacking Off To VR Porn",52,"brandi-love","Brandi Love","F",36,25,36,"C",170,126,TRUE,368000,6.31e+08,0.509891103912968
1,7.5,473583,72,"MILF Teacher Brandi Love Licked by Lez Student in Office",56,"brandi-love","Brandi Love","F",36,25,36,"C",170,126,TRUE,368000,6.31e+08,0.509891103912968
1,14.6833333333333,379701,58,"Horny sons fucked by Stepmoms PUREMATURE",40,"brandi-love","Brandi Love","F",36,25,36,"C",170,126,TRUE,368000,6.31e+08,0.509891103912968
2,34.75,1374830,71,"Three Girls on One Guy",22,"brandi-love","Brandi Love","F",36,25,36,"C",170,126,TRUE,368000,6.31e+08,0.509891103912968
1,7.5,443013,75,"Brandi Love & Alexis Fawx Rim, Kiss and Lick Each Other!",56,"brandi-love","Brandi Love","F",36,25,36,"C",170,126,TRUE,368000,6.31e+08,0.509891103912968
1,13.2666666666667,1667546,69,"Stepmom sneaks on stepson with blowjob",38,"brandi-love","Brandi Love","F",36,25,36,"C",170,126,TRUE,368000,6.31e+08,0.509891103912968
1,5.3,46300,80,"VRBangers.com Sexy MILF is sticking a big vibrator in her wet pussy VR PORN",75,"brandi-love","Brandi Love","F",36,25,36,"C",170,126,TRUE,368000,6.31e+08,0.509891103912968
1,10.0333333333333,1111243,68,"PureMature MILF Brandi Love fucked with dripping deep creampie",62,"brandi-love","Brandi Love","F",36,25,36,"C",170,126,TRUE,368000,6.31e+08,0.509891103912968
1,7.5,702645,74,"Girlsway Brandi Love & Nicole Aniston's Lesbian Power Play!",59,"brandi-love","Brandi Love","F",36,25,36,"C",170,126,TRUE,368000,6.31e+08,0.509891103912968
1,30.5666666666667,1151334,74,"Cougars Get Wild",16,"brandi-love","Brandi Love","F",36,25,36,"C",170,126,TRUE,368000,6.31e+08,0.509891103912968
1,7.5,363958,78,"Stepmom Brandi Love Exchanges Pussy Licks with Naughty Daughter",63,"brandi-love","Brandi Love","F",36,25,36,"C",170,126,TRUE,368000,6.31e+08,0.509891103912968
1,9.2,624042,70,"Sexy blonde Brandi Love fucking",31,"brandi-love","Brandi Love","F",36,25,36,"C",170,126,TRUE,368000,6.31e+08,0.509891103912968
1,8,604339,67,"RealityKings - Milf Brandi Love and step daughter Zoey Monroe share a cock",74,"brandi-love","Brandi Love","F",36,25,36,"C",170,126,TRUE,368000,6.31e+08,0.509891103912968
2,7.5,478075,68,"MILF Brandi Love & Hubby Have Erotic 3some With Sitter",54,"brandi-love","Brandi Love","F",36,25,36,"C",170,126,TRUE,368000,6.31e+08,0.509891103912968
1,4.06666666666667,907129,74,"In The Mood For - Brandi Love PMV",33,"brandi-love","Brandi Love","F",36,25,36,"C",170,126,TRUE,368000,6.31e+08,0.509891103912968
2,18.9666666666667,2885341,68,"SpyFam Step mother Brandi Love gives step daughter Elsa Jean sex advice",71,"brandi-love","Brandi Love","F",36,25,36,"C",170,126,TRUE,368000,6.31e+08,0.509891103912968
1,7.5,5428076,72,"MILF Brandi Love Lusts Over Stunning Step-Daughter Uma Jolie",60,"brandi-love","Brandi Love","F",36,25,36,"C",170,126,TRUE,368000,6.31e+08,0.509891103912968
1,6.16666666666667,616015,70,"FULL SWAP SWINGER SEX",21,"brandi-love","Brandi Love","F",36,25,36,"C",170,126,TRUE,368000,6.31e+08,0.509891103912968
2,44.3,1164946,72,"So Much To Teach You",20,"brandi-love","Brandi Love","F",36,25,36,"C",170,126,TRUE,368000,6.31e+08,0.509891103912968
1,16.2,1318070,65,"PORNFIDELITY Brandi Love Fulfills Forbidden Desire in CIRIS Part 2",66,"brandi-love","Brandi Love","F",36,25,36,"C",170,126,TRUE,368000,6.31e+08,0.509891103912968
1,15.55,424007,70,"PORNFIDELITY Brandi Love Facialed in Atomic Bang",48,"brandi-love","Brandi Love","F",36,25,36,"C",170,126,TRUE,368000,6.31e+08,0.509891103912968
1,7.5,761347,70,"Brandi Love Takes Naughty Young Neighbor's BBC",46,"brandi-love","Brandi Love","F",36,25,36,"C",170,126,TRUE,368000,6.31e+08,0.509891103912968
1,10.2666666666667,705401,68,"PureMature After tennis lesson fuck and facial with MILF Brandi Love",68,"brandi-love","Brandi Love","F",36,25,36,"C",170,126,TRUE,368000,6.31e+08,0.509891103912968
2,9.03333333333333,900535,71,"Hot Step Mom Brandi Love, Daughter Aidra Fox & Boyfriend Fuck",61,"brandi-love","Brandi Love","F",36,25,36,"C",170,126,TRUE,368000,6.31e+08,0.509891103912968
2,8.66666666666667,895180,77,"Best of Brandi Love Eating Teen Step Daughters Creampie",55,"brandi-love","Brandi Love","F",36,25,36,"C",170,126,TRUE,368000,6.31e+08,0.509891103912968
2,7.5,462094,78,"Eliza Jane is Good Little Girl for her Step Mommies!",52,"brandi-love","Brandi Love","F",36,25,36,"C",170,126,TRUE,368000,6.31e+08,0.509891103912968
1,12,10296582,67,"BANGBROS - Sexy MILF Lela Star Fucks Step Son Before Gym in POV",63,"lela-star","Lela Star","F",34,25,32,"D",155,110,TRUE,263000,2.28e+08,0.424568031807155
1,11.9833333333333,3198300,68,"BANGBROS - Bootylicious Latina Lela Star Sucks and Fucks Like a Champ",69,"lela-star","Lela Star","F",34,25,32,"D",155,110,TRUE,263000,2.28e+08,0.424568031807155
1,5.3,98030,78,"Watch the hot babe Lela Star bounce off a giant cock only at FoxMagazine",72,"lela-star","Lela Star","F",34,25,32,"D",155,110,TRUE,263000,2.28e+08,0.424568031807155
1,26.5,307009,69,"Lela Star VR (Virtual Reality) POV",34,"lela-star","Lela Star","F",34,25,32,"D",155,110,TRUE,263000,2.28e+08,0.424568031807155
3,22.0833333333333,446694,78,"LELA STAR swallows 4 loads - Sperm Cocktail",43,"lela-star","Lela Star","F",34,25,32,"D",155,110,TRUE,263000,2.28e+08,0.424568031807155
1,12.05,973138,74,"Lela Star is Back with Her Big Ass and Big Tits! (btcp8184)",59,"lela-star","Lela Star","F",34,25,32,"D",155,110,TRUE,263000,2.28e+08,0.424568031807155
1,7.65,18021740,69,"Lela Star gets nice and wet - Brazzers",38,"lela-star","Lela Star","F",34,25,32,"D",155,110,TRUE,263000,2.28e+08,0.424568031807155
1,5.15,361122,69,"Digital Playground- Wife Imagines Sucking Cock Of Friend's Husband",66,"lela-star","Lela Star","F",34,25,32,"D",155,110,TRUE,263000,2.28e+08,0.424568031807155
1,38.0166666666667,2068444,70,"Lela Star Fucks Robber",22,"lela-star","Lela Star","F",34,25,32,"D",155,110,TRUE,263000,2.28e+08,0.424568031807155
4,NA,929980,76,"orgy avec rebecca linares, amy reid, lela star, mia rose et jenna haze",70,"lela-star","Lela Star","F",34,25,32,"D",155,110,TRUE,263000,2.28e+08,0.424568031807155
1,8.08333333333333,442247,78,"Lela Star Orange Bikini Strip",29,"lela-star","Lela Star","F",34,25,32,"D",155,110,TRUE,263000,2.28e+08,0.424568031807155
1,7.56666666666667,7987014,75,"Booty view!",11,"lela-star","Lela Star","F",34,25,32,"D",155,110,TRUE,263000,2.28e+08,0.424568031807155
1,27.3166666666667,530861,76,"Lela Star Gets A Hard POV Fucking",33,"lela-star","Lela Star","F",34,25,32,"D",155,110,TRUE,263000,2.28e+08,0.424568031807155
1,9.13333333333333,377316,84,"Lela Star - Masturbation",24,"lela-star","Lela Star","F",34,25,32,"D",155,110,TRUE,263000,2.28e+08,0.424568031807155
1,4.31666666666667,299171,74,"Described Video -  Tight babe Lela Star  wraps her lips around a big cock",73,"lela-star","Lela Star","F",34,25,32,"D",155,110,TRUE,263000,2.28e+08,0.424568031807155
1,12.9166666666667,141074,79,"Naive teen joins a sex club",27,"lela-star","Lela Star","F",34,25,32,"D",155,110,TRUE,263000,2.28e+08,0.424568031807155
1,25.8333333333333,2254573,77,"BEAUTIFUL MODEL HAVE SEX",24,"lela-star","Lela Star","F",34,25,32,"D",155,110,TRUE,263000,2.28e+08,0.424568031807155
1,7.6,3085756,69,"Persuadiendo a Lela - Brazzers",30,"lela-star","Lela Star","F",34,25,32,"D",155,110,TRUE,263000,2.28e+08,0.424568031807155
1,53.3833333333333,700483,74,"Lela Star - No Cum Dodging Allowed 8",36,"lela-star","Lela Star","F",34,25,32,"D",155,110,TRUE,263000,2.28e+08,0.424568031807155
1,10.9666666666667,235777,78,"RealLesbianExposed - Hot Lesbian's fantasy Comes to Life",56,"lela-star","Lela Star","F",34,25,32,"D",155,110,TRUE,263000,2.28e+08,0.424568031807155
1,13.6833333333333,2214253,80,"Young at heart Lela Star",24,"lela-star","Lela Star","F",34,25,32,"D",155,110,TRUE,263000,2.28e+08,0.424568031807155
5,3.88333333333333,4314845,80,"Jennifer Lopez - B00ty (feat. Iggy Azalea) - XXX Music Video",60,"lela-star","Lela Star","F",34,25,32,"D",155,110,TRUE,263000,2.28e+08,0.424568031807155
1,6.43333333333333,1017878,76,"Latina Sluts with Big Tits Showering",36,"lela-star","Lela Star","F",34,25,32,"D",155,110,TRUE,263000,2.28e+08,0.424568031807155
1,NA,1765814,75,"sex party 3",11,"lela-star","Lela Star","F",34,25,32,"D",155,110,TRUE,263000,2.28e+08,0.424568031807155
1,4.2,6462613,73,"Perfect Booty Gets Slammed",26,"lela-star","Lela Star","F",34,25,32,"D",155,110,TRUE,263000,2.28e+08,0.424568031807155
3,45.0666666666667,3010228,75,"Curvy Cowgirls Vol2",19,"lela-star","Lela Star","F",34,25,32,"D",155,110,TRUE,263000,2.28e+08,0.424568031807155
1,29.9666666666667,457087,74,"Lela Interracial Old Deformed DickStick",39,"lela-star","Lela Star","F",34,25,32,"D",155,110,TRUE,263000,2.28e+08,0.424568031807155
1,33.2166666666667,4466920,84,"Lela Star Fucked",16,"lela-star","Lela Star","F",34,25,32,"D",155,110,TRUE,263000,2.28e+08,0.424568031807155
2,12.0833333333333,932763,73,"Black Lesbians Get Some White Jail Pussy from MixedRaceLesbos",61,"lela-star","Lela Star","F",34,25,32,"D",155,110,TRUE,263000,2.28e+08,0.424568031807155
1,3.51666666666667,686103,81,"Lela Star - In My Trunk - Music Video",37,"lela-star","Lela Star","F",34,25,32,"D",155,110,TRUE,263000,2.28e+08,0.424568031807155
2,12.0833333333333,1503278,73,"Intense Lesbian Jail Sex With Strapons and Anal Lesbians MixedRaceLesbos",72,"lela-star","Lela Star","F",34,25,32,"D",155,110,TRUE,263000,2.28e+08,0.424568031807155
2,17.05,238027,78,"lesbian threesome",17,"lela-star","Lela Star","F",34,25,32,"D",155,110,TRUE,263000,2.28e+08,0.424568031807155
1,13.8333333333333,66507,69,"Lela in Shower Jennas Dirty Secret XXX Lela Star",48,"lela-star","Lela Star","F",34,25,32,"D",155,110,TRUE,263000,2.28e+08,0.424568031807155
1,16.8,820481,74,"Room Mating Lela Star Angelina Valentine",40,"lela-star","Lela Star","F",34,25,32,"D",155,110,TRUE,263000,2.28e+08,0.424568031807155
2,17.3833333333333,295212,76,"Prison Lesbian Party Vanessa Monet Reena Sky Lela Star",54,"lela-star","Lela Star","F",34,25,32,"D",155,110,TRUE,263000,2.28e+08,0.424568031807155
1,32.75,593048,78,"Hot Teen Lela Star Fucked Hard",30,"lela-star","Lela Star","F",34,25,32,"D",155,110,TRUE,263000,2.28e+08,0.424568031807155
1,16.5166666666667,528499,74,"Lesbian Latina Sluts Mariah & Lela",34,"lela-star","Lela Star","F",34,25,32,"D",155,110,TRUE,263000,2.28e+08,0.424568031807155
1,27.75,660581,76,"Lela Star rides a huge cock then takes its jizz on her cute litte face",70,"lela-star","Lela Star","F",34,25,32,"D",155,110,TRUE,263000,2.28e+08,0.424568031807155
3,14.2166666666667,431310,71,"Best Clips - Compilation 1",26,"lela-star","Lela Star","F",34,25,32,"D",155,110,TRUE,263000,2.28e+08,0.424568031807155
1,21.5,592211,81,"Lela Star dreamgirl",19,"lela-star","Lela Star","F",34,25,32,"D",155,110,TRUE,263000,2.28e+08,0.424568031807155
1,20.6,327211,77,"Lela and 10 inch of white cock",30,"lela-star","Lela Star","F",34,25,32,"D",155,110,TRUE,263000,2.28e+08,0.424568031807155
1,12.1833333333333,280549,80,"Shawna Lenee and Lela Star Lesbian",34,"lela-star","Lela Star","F",34,25,32,"D",155,110,TRUE,263000,2.28e+08,0.424568031807155
3,19.65,578041,79,"Swallow Sperm Compilation #15",29,"lela-star","Lela Star","F",34,25,32,"D",155,110,TRUE,263000,2.28e+08,0.424568031807155
1,29.3333333333333,428890,80,"Arab Threesome",14,"lela-star","Lela Star","F",34,25,32,"D",155,110,TRUE,263000,2.28e+08,0.424568031807155
1,37,342443,78,"Jenna Haze and Lela Star in a threesome",39,"lela-star","Lela Star","F",34,25,32,"D",155,110,TRUE,263000,2.28e+08,0.424568031807155
1,34.6,300936,78,"Lela Star -1dick 2 chicks with victoria sweet",45,"lela-star","Lela Star","F",34,25,32,"D",155,110,TRUE,263000,2.28e+08,0.424568031807155
1,29.4833333333333,191519,79,"Fucking two hot babes",21,"lela-star","Lela Star","F",34,25,32,"D",155,110,TRUE,263000,2.28e+08,0.424568031807155
1,32.8333333333333,424534,76,"She's beautiful",15,"lela-star","Lela Star","F",34,25,32,"D",155,110,TRUE,263000,2.28e+08,0.424568031807155
1,32.8333333333333,115478,81,"Lela Star - She is beautiful",28,"lela-star","Lela Star","F",34,25,32,"D",155,110,TRUE,263000,2.28e+08,0.424568031807155
1,20.3166666666667,145296,80,"dangercore",10,"lela-star","Lela Star","F",34,25,32,"D",155,110,TRUE,263000,2.28e+08,0.424568031807155
2,11.9833333333333,8182772,71,"BANGBROS - Kelsi Monroe VS Abella Danger, Twerking and Fucking",62,"abella-danger","Abella Danger","F",NA,NA,NA,NA,163,130,NA,NA,4.4606159e+14,NA
1,11.9833333333333,486112,65,"BANGBROS - PAWG Abella Danger Twerking Her Beautiful Big Ass",60,"abella-danger","Abella Danger","F",NA,NA,NA,NA,163,130,NA,NA,4.4606159e+14,NA
1,11.9666666666667,767653,61,"BANGBROS - Abella Danger Takes a Big Black Dick (mc15989)",57,"abella-danger","Abella Danger","F",NA,NA,NA,NA,163,130,NA,NA,4.4606159e+14,NA
1,10.9166666666667,325838,61,"Cassidy Banks and Abella Danger Yoga",36,"abella-danger","Abella Danger","F",NA,NA,NA,NA,163,130,NA,NA,4.4606159e+14,NA
3,12.6,423601,69,"TUSHY Incredible Anal Threesome Compilation",43,"abella-danger","Abella Danger","F",NA,NA,NA,NA,163,130,NA,NA,4.4606159e+14,NA
2,13.6333333333333,349841,68,"Abella Danger Fucked to Screaming Orgasms",41,"abella-danger","Abella Danger","F",NA,NA,NA,NA,163,130,NA,NA,4.4606159e+14,NA
2,11.9833333333333,208050,73,"BANGBROS - MILF Secretary Assh Lee Gets Her Asshole Stretched By Her Boss",73,"abella-danger","Abella Danger","F",NA,NA,NA,NA,163,130,NA,NA,4.4606159e+14,NA
1,25.3833333333333,395608,75,"AJ Applegate and Abella Danger",30,"abella-danger","Abella Danger","F",NA,NA,NA,NA,163,130,NA,NA,4.4606159e+14,NA
1,25.75,439978,74,"Gone Black",10,"abella-danger","Abella Danger","F",NA,NA,NA,NA,163,130,NA,NA,4.4606159e+14,NA
1,34.1,1092237,66,"my step family pies",19,"abella-danger","Abella Danger","F",NA,NA,NA,NA,163,130,NA,NA,4.4606159e+14,NA
1,7.5,98007,74,"Watch Abella Danger Ride Big Cock with her Big ASS POV!",55,"abella-danger","Abella Danger","F",NA,NA,NA,NA,163,130,NA,NA,4.4606159e+14,NA
1,7.5,58246,78,"SweetSinner Abella Danger's All-Consuming Masturbatory Fantasy",62,"abella-danger","Abella Danger","F",NA,NA,NA,NA,163,130,NA,NA,4.4606159e+14,NA
1,8,373286,74,"Reality Kings - RK Prime - Groupist 2 - Abella Danger , Mandy Muse",66,"abella-danger","Abella Danger","F",NA,NA,NA,NA,163,130,NA,NA,4.4606159e+14,NA
1,5.06666666666667,83555,84,"VR Cosplay X Karlee Grey Fucking With Abella Danger VR Porn",59,"abella-danger","Abella Danger","F",NA,NA,NA,NA,163,130,NA,NA,4.4606159e+14,NA
1,7.5,386754,72,"Abella Danger & Brandi Love Passionate Tribbing and Kissing",59,"abella-danger","Abella Danger","F",NA,NA,NA,NA,163,130,NA,NA,4.4606159e+14,NA
2,35.7666666666667,575864,72,"Big Booty Tryouts",17,"abella-danger","Abella Danger","F",NA,NA,NA,NA,163,130,NA,NA,4.4606159e+14,NA
1,34.1,2038604,68,"MyFamilyPies - Abella Danger, Gia Love Family Vacation",54,"abella-danger","Abella Danger","F",NA,NA,NA,NA,163,130,NA,NA,4.4606159e+14,NA
1,10.3166666666667,311759,73,"TeenCurves - Big Booty Queen Abella Danger Fucked After Tennis",62,"abella-danger","Abella Danger","F",NA,NA,NA,NA,163,130,NA,NA,4.4606159e+14,NA
1,34.1,1907881,59,"Family Vacation Sex free HD Porn Video",38,"abella-danger","Abella Danger","F",NA,NA,NA,NA,163,130,NA,NA,4.4606159e+14,NA
1,31.5,302977,57,"Whorecraft: Abella Danger the  Elf mage sucks and fucks for Mana",64,"abella-danger","Abella Danger","F",NA,NA,NA,NA,163,130,NA,NA,4.4606159e+14,NA
3,7.68333333333333,65041,72,"Asa Akira Explores Pornhub Nation",33,"abella-danger","Abella Danger","F",NA,NA,NA,NA,163,130,NA,NA,4.4606159e+14,NA
2,7.5,100092,69,"Abella Danger Shared by Tattoed Couple Joanna Angel & Small Hands!",66,"abella-danger","Abella Danger","F",NA,NA,NA,NA,163,130,NA,NA,4.4606159e+14,NA
1,10.3666666666667,33165,55,"Hot MILF And Teen Lesbian Cam Sex Tape",38,"abella-danger","Abella Danger","F",NA,NA,NA,NA,163,130,NA,NA,4.4606159e+14,NA
1,7.58333333333333,135201,79,"Abella Danger Takes Big Black Cock in her Ass",45,"abella-danger","Abella Danger","F",NA,NA,NA,NA,163,130,NA,NA,4.4606159e+14,NA
1,10.8333333333333,538659,67,"Jules Jordan - Abella Danger's Throat Is Just As Deep As Her ASS",64,"abella-danger","Abella Danger","F",NA,NA,NA,NA,163,130,NA,NA,4.4606159e+14,NA
1,12.5,225217,74,"Abella Danger and Valentina Nappi Hot Lesbian Sex",49,"abella-danger","Abella Danger","F",NA,NA,NA,NA,163,130,NA,NA,4.4606159e+14,NA
3,12.0666666666667,281271,78,"""CUM ON MY FACE"" - AN ANALIZED.COM CUMSHOT COMPILATION | 33 LABELED GIRLS!",74,"abella-danger","Abella Danger","F",NA,NA,NA,NA,163,130,NA,NA,4.4606159e+14,NA
1,12.1833333333333,353818,72,"Abella Danger Is Your Fuck Toy For The Day",42,"abella-danger","Abella Danger","F",NA,NA,NA,NA,163,130,NA,NA,4.4606159e+14,NA
1,11.8833333333333,4529818,70,"VIXEN Abella Danger Gets Locked Out And Has Passionate Sex With Neighbor",72,"abella-danger","Abella Danger","F",NA,NA,NA,NA,163,130,NA,NA,4.4606159e+14,NA
1,10.3166666666667,153227,66,"TRENCHCOATx - Abella Danger Anal Pounding from ExBoyfriend Markus Dupree",72,"abella-danger","Abella Danger","F",NA,NA,NA,NA,163,130,NA,NA,4.4606159e+14,NA
1,10.3,176290,73,"FamilyHookups - Big Ass Abella Danger Fucks Stepdad",51,"abella-danger","Abella Danger","F",NA,NA,NA,NA,163,130,NA,NA,4.4606159e+14,NA
1,12.2666666666667,167598,72,"TEENGONZO Petite Abella Danger takes butt plug up her ass",57,"abella-danger","Abella Danger","F",NA,NA,NA,NA,163,130,NA,NA,4.4606159e+14,NA
1,12.2833333333333,472901,71,"Abella Danger takes the preacher boys virginity & gets fucked in her ass",72,"abella-danger","Abella Danger","F",NA,NA,NA,NA,163,130,NA,NA,4.4606159e+14,NA
2,12,8483362,66,"BANGBROS - MILF Stepmom Nikki Benz Fucks Abella Danger And Her Boyfriend",72,"abella-danger","Abella Danger","F",NA,NA,NA,NA,163,130,NA,NA,4.4606159e+14,NA
4,15.7333333333333,729657,71,"EPIC REVERSE GANGBANG ORGY WITH 5 GIRLS FUCKING AND SUCKING ONE JAMES DEEN!",75,"abella-danger","Abella Danger","F",NA,NA,NA,NA,163,130,NA,NA,4.4606159e+14,NA
1,20.3,586071,70,"PURE TABOO Naive Abella Danger Rough Fucking Hookup",51,"abella-danger","Abella Danger","F",NA,NA,NA,NA,163,130,NA,NA,4.4606159e+14,NA
1,14.7333333333333,186440,81,"Abella Danger POV Teen Anal VR Virtual Reality",46,"abella-danger","Abella Danger","F",NA,NA,NA,NA,163,130,NA,NA,4.4606159e+14,NA
1,21.95,576564,73,"ABELLA DANGER'S anal destruction makes her squirt all over the place",68,"abella-danger","Abella Danger","F",NA,NA,NA,NA,163,130,NA,NA,4.4606159e+14,NA
1,12.2833333333333,1455358,74,"TUSHY Abella Danger and Lena Paul Dominate Her Boyfriend and Get Gapped",71,"abella-danger","Abella Danger","F",NA,NA,NA,NA,163,130,NA,NA,4.4606159e+14,NA
2,16.0166666666667,395406,74,"BIG ASS BABE ABELLA DANGER DOUBLE PENETRATION AND SQUIRTING ORGASM",66,"abella-danger","Abella Danger","F",NA,NA,NA,NA,163,130,NA,NA,4.4606159e+14,NA
1,8.73333333333333,406634,75,"Abella Danger & Natalia Starr - FIRST GIRL ANAL",47,"abella-danger","Abella Danger","F",NA,NA,NA,NA,163,130,NA,NA,4.4606159e+14,NA
1,11.7666666666667,604722,70,"BLACKED Abella Danger Gets Dominated By BBC",43,"abella-danger","Abella Danger","F",NA,NA,NA,NA,163,130,NA,NA,4.4606159e+14,NA
1,7.5,2179391,70,"Abella Danger Shows StepMommy How She SQUIRTS!",46,"abella-danger","Abella Danger","F",NA,NA,NA,NA,163,130,NA,NA,4.4606159e+14,NA
1,27.75,2587988,64,"MOM FUCKS IN FRONT OF Step DAUGHTER",35,"abella-danger","Abella Danger","F",NA,NA,NA,NA,163,130,NA,NA,4.4606159e+14,NA
1,7.5,1580151,77,"Abella Danger Breastfed by Lactating MILF",41,"abella-danger","Abella Danger","F",NA,NA,NA,NA,163,130,NA,NA,4.4606159e+14,NA
1,7.5,1574588,69,"Abella Danger Hooks Up With her Crazy Teen Stalker!",51,"abella-danger","Abella Danger","F",NA,NA,NA,NA,163,130,NA,NA,4.4606159e+14,NA
1,7.5,2706569,72,"AllGirlMassage Abella Danger Licks,Fingers & Fists her to Ecstasy",65,"abella-danger","Abella Danger","F",NA,NA,NA,NA,163,130,NA,NA,4.4606159e+14,NA
1,8.98333333333333,503474,73,"Abella Danger & Keisha Grey - HOT SEXY GIRL ON GIRL ANAL",56,"abella-danger","Abella Danger","F",NA,NA,NA,NA,163,130,NA,NA,4.4606159e+14,NA
1,10.25,201562,74,"LUBED Oiled up Abella Danger toys dripping wet pussy for big dick",65,"abella-danger","Abella Danger","F",NA,NA,NA,NA,163,130,NA,NA,4.4606159e+14,NA
1,12.0666666666667,356212,72,"Manuel Ferrara - Abella Danger Loves It In Her ASS",50,"abella-danger","Abella Danger","F",NA,NA,NA,NA,163,130,NA,NA,4.4606159e+14,NA
1,12,2472465,66,"BANGBROS - Bath Time with Big Tits MILF Nicole Aniston (bbc16015)",65,"nicole-aniston","Nicole Aniston","F",34,22,36,"D",160,121,TRUE,339000,4.12e+08,0.48404526476174
1,8.01666666666667,283049,69,"Nicole gets dominated by a big cock stud then gets creampied",60,"nicole-aniston","Nicole Aniston","F",34,22,36,"D",160,121,TRUE,339000,4.12e+08,0.48404526476174
1,8.06666666666667,231819,62,"Blonde hottie gets her pussy eaten until she cums",49,"nicole-aniston","Nicole Aniston","F",34,22,36,"D",160,121,TRUE,339000,4.12e+08,0.48404526476174
2,18.0166666666667,184744,78,"Twistys - Charlotte Stokely , Jenna Sativa in Breakfast at Sativa's",67,"nicole-aniston","Nicole Aniston","F",34,22,36,"D",160,121,TRUE,339000,4.12e+08,0.48404526476174
2,12,266296,68,"BANGBROS - Big Booty Babes Nicole Aniston & Poison Ivy Bring The Heat",69,"nicole-aniston","Nicole Aniston","F",34,22,36,"D",160,121,TRUE,339000,4.12e+08,0.48404526476174
1,11.8,717541,64,"TRENCHCOATx - Nicole Aniston sucks her butler then gets a hard fucking",70,"nicole-aniston","Nicole Aniston","F",34,22,36,"D",160,121,TRUE,339000,4.12e+08,0.48404526476174
1,8.03333333333333,66126,72,"Nicole Aniston gets her feet worshipped",39,"nicole-aniston","Nicole Aniston","F",34,22,36,"D",160,121,TRUE,339000,4.12e+08,0.48404526476174
1,12,3909629,65,"VIXEN Nicole Aniston Surprises Her Boyfriend With Hot Sex",57,"nicole-aniston","Nicole Aniston","F",34,22,36,"D",160,121,TRUE,339000,4.12e+08,0.48404526476174
1,21.7166666666667,301544,68,"shes down to fuck vol 1 disk 1 - Scene 4",40,"nicole-aniston","Nicole Aniston","F",34,22,36,"D",160,121,TRUE,339000,4.12e+08,0.48404526476174
1,8,344579,76,"Mofos - Pornstar Vote - Nicole Aniston Bent Over and Plowed starring Nicole",75,"nicole-aniston","Nicole Aniston","F",34,22,36,"D",160,121,TRUE,339000,4.12e+08,0.48404526476174
3,NA,1089067,71,"BRAZZERS  bides orgy",20,"nicole-aniston","Nicole Aniston","F",34,22,36,"D",160,121,TRUE,339000,4.12e+08,0.48404526476174
1,8.06666666666667,61894,79,"Pornstar Nicole Aniston gives a foot job to a big cock",54,"nicole-aniston","Nicole Aniston","F",34,22,36,"D",160,121,TRUE,339000,4.12e+08,0.48404526476174
1,12,859329,69,"BANGBROS - PAWG Nicole Aniston Gets Her Nice Pussy Smashed",58,"nicole-aniston","Nicole Aniston","F",34,22,36,"D",160,121,TRUE,339000,4.12e+08,0.48404526476174
1,11.9833333333333,634653,70,"BANGBROS - MILF Nicole Aniston Gives Young Guy A Bath And Rocks His World",73,"nicole-aniston","Nicole Aniston","F",34,22,36,"D",160,121,TRUE,339000,4.12e+08,0.48404526476174
1,8.5,831294,61,"Avid fan meets his favorite pornstar in a hotel room",52,"nicole-aniston","Nicole Aniston","F",34,22,36,"D",160,121,TRUE,339000,4.12e+08,0.48404526476174
1,8.05,146133,59,"Home Movie Sex Tape of Nicole Aniston & her big dick friend",59,"nicole-aniston","Nicole Aniston","F",34,22,36,"D",160,121,TRUE,339000,4.12e+08,0.48404526476174
1,8.05,204223,64,"Home Sex Tape of Nicole Aniston and a big dick",46,"nicole-aniston","Nicole Aniston","F",34,22,36,"D",160,121,TRUE,339000,4.12e+08,0.48404526476174
1,12.4833333333333,1788635,66,"BLACKED Nicole Aniston Is Double Teamed By BBC On Her Day Off",61,"nicole-aniston","Nicole Aniston","F",34,22,36,"D",160,121,TRUE,339000,4.12e+08,0.48404526476174
1,12,519443,72,"BANGBROS - Nicole Aniston Is A Perfect Ass White Girl (PAWG) And She Knows",74,"nicole-aniston","Nicole Aniston","F",34,22,36,"D",160,121,TRUE,339000,4.12e+08,0.48404526476174
1,8.08333333333333,105269,72,"Home movie of Nicole Aniston giving a POV Blow Job",50,"nicole-aniston","Nicole Aniston","F",34,22,36,"D",160,121,TRUE,339000,4.12e+08,0.48404526476174
1,8.06666666666667,230710,74,"Sexy Hard Body Nicole Aniston makes herself wet for us",54,"nicole-aniston","Nicole Aniston","F",34,22,36,"D",160,121,TRUE,339000,4.12e+08,0.48404526476174
1,11.1833333333333,122839,68,"The StripperExperience - Nicole Aniston & Puma Swede, big booty & big boobs",75,"nicole-aniston","Nicole Aniston","F",34,22,36,"D",160,121,TRUE,339000,4.12e+08,0.48404526476174
1,8.08333333333333,70791,73,"Nicole Aniston plays with Halloween stickers then her wet pussy",63,"nicole-aniston","Nicole Aniston","F",34,22,36,"D",160,121,TRUE,339000,4.12e+08,0.48404526476174
1,11.7666666666667,438442,71,"BANGBROS - Sweaty PAWG Nicole Aniston Fucks Her Trainer In Boxing Ring",70,"nicole-aniston","Nicole Aniston","F",34,22,36,"D",160,121,TRUE,339000,4.12e+08,0.48404526476174
1,7.5,702645,74,"Girlsway Brandi Love & Nicole Aniston's Lesbian Power Play!",59,"nicole-aniston","Nicole Aniston","F",34,22,36,"D",160,121,TRUE,339000,4.12e+08,0.48404526476174
1,8.01666666666667,79725,81,"Nicole's self shot solo masturbation",36,"nicole-aniston","Nicole Aniston","F",34,22,36,"D",160,121,TRUE,339000,4.12e+08,0.48404526476174
1,12,1148399,65,"BANGBROS - Big Ass Blondes with Blue Eyes Feat. Angel Vain, Nicole Aniston",74,"nicole-aniston","Nicole Aniston","F",34,22,36,"D",160,121,TRUE,339000,4.12e+08,0.48404526476174
1,8.15,173008,61,"Happy Easter Nicole Anniston Hand Job Winner!",45,"nicole-aniston","Nicole Aniston","F",34,22,36,"D",160,121,TRUE,339000,4.12e+08,0.48404526476174
1,8.11666666666667,135106,72,"Blonde beauty Nicole Aniston pleasures herself",46,"nicole-aniston","Nicole Aniston","F",34,22,36,"D",160,121,TRUE,339000,4.12e+08,0.48404526476174
1,8.7,1110411,67,"nicole_aniston_maid_to_be_perfect",33,"nicole-aniston","Nicole Aniston","F",34,22,36,"D",160,121,TRUE,339000,4.12e+08,0.48404526476174
1,5.46666666666667,779933,75,"Nicole Aniston likes uncut co-stars",35,"nicole-aniston","Nicole Aniston","F",34,22,36,"D",160,121,TRUE,339000,4.12e+08,0.48404526476174
1,12,742873,70,"BANGBROS - MILF Nicole Aniston Seduces The Pool Guy On Ass Parade",65,"nicole-aniston","Nicole Aniston","F",34,22,36,"D",160,121,TRUE,339000,4.12e+08,0.48404526476174
1,5.11666666666667,139708,77,"VR PORN - Personal Trainer Gets Fucked Hard and Deep Throats in the Gym",71,"nicole-aniston","Nicole Aniston","F",34,22,36,"D",160,121,TRUE,339000,4.12e+08,0.48404526476174
1,12.2166666666667,159848,68,"Sexy Nicole's hot tease",23,"nicole-aniston","Nicole Aniston","F",34,22,36,"D",160,121,TRUE,339000,4.12e+08,0.48404526476174
1,27.6333333333333,2324180,68,"Nicole Aniston ass",18,"nicole-aniston","Nicole Aniston","F",34,22,36,"D",160,121,TRUE,339000,4.12e+08,0.48404526476174
1,31.0166666666667,4161953,67,"Nicole Aniston - The Perfect Female",35,"nicole-aniston","Nicole Aniston","F",34,22,36,"D",160,121,TRUE,339000,4.12e+08,0.48404526476174
1,4.43333333333333,487905,78,"In The Mood For..- Nicole Aniston PMV",37,"nicole-aniston","Nicole Aniston","F",34,22,36,"D",160,121,TRUE,339000,4.12e+08,0.48404526476174
1,25.4333333333333,551377,73,"Two lesbian cuties",18,"nicole-aniston","Nicole Aniston","F",34,22,36,"D",160,121,TRUE,339000,4.12e+08,0.48404526476174
1,6.71666666666667,231697,71,"Sexy Nicole makes herself cum all over her desk",47,"nicole-aniston","Nicole Aniston","F",34,22,36,"D",160,121,TRUE,339000,4.12e+08,0.48404526476174
2,12.0166666666667,319289,72,"Intimate Lesbians - Amy Anderssen, Jessica Jaymes and Nicole Aniston",68,"nicole-aniston","Nicole Aniston","F",34,22,36,"D",160,121,TRUE,339000,4.12e+08,0.48404526476174
1,12.1333333333333,1583653,68,"BLACKED Nicole Aniston Cant Get Enough BBC",42,"nicole-aniston","Nicole Aniston","F",34,22,36,"D",160,121,TRUE,339000,4.12e+08,0.48404526476174
1,6.03333333333333,165593,69,"Hot blondes defile each other in church!",40,"nicole-aniston","Nicole Aniston","F",34,22,36,"D",160,121,TRUE,339000,4.12e+08,0.48404526476174
1,9.5,136470,75,"Nicole Aniston teases you",25,"nicole-aniston","Nicole Aniston","F",34,22,36,"D",160,121,TRUE,339000,4.12e+08,0.48404526476174
1,6.81666666666667,252590,73,"Nicole Aniston POV Fun",22,"nicole-aniston","Nicole Aniston","F",34,22,36,"D",160,121,TRUE,339000,4.12e+08,0.48404526476174
1,20.5,2662688,74,"Busty Nicole Aniston Gets Fucked by Officer Adams",49,"nicole-aniston","Nicole Aniston","F",34,22,36,"D",160,121,TRUE,339000,4.12e+08,0.48404526476174
1,6.11666666666667,306857,80,"Busty blonde Nicole gets her sexy feet worshipped",49,"nicole-aniston","Nicole Aniston","F",34,22,36,"D",160,121,TRUE,339000,4.12e+08,0.48404526476174
1,6.26666666666667,934686,82,"Sexy Nicole Aniston gives her man a footjob",43,"nicole-aniston","Nicole Aniston","F",34,22,36,"D",160,121,TRUE,339000,4.12e+08,0.48404526476174
1,18.0166666666667,8762191,73,"TUSHY Nicole Aniston first anal, huge gapes!",44,"nicole-aniston","Nicole Aniston","F",34,22,36,"D",160,121,TRUE,339000,4.12e+08,0.48404526476174
2,10.6833333333333,335419,72,"IntimateLesbians - Jessica, Puma and Nicole fucking naughty in the office",73,"nicole-aniston","Nicole Aniston","F",34,22,36,"D",160,121,TRUE,339000,4.12e+08,0.48404526476174
NA,NA,NA,NA,NA,NA,"lena-the plug","Lena The Plug","F",NA,NA,NA,NA,NA,NA,TRUE,35100,11200000,0
